id,name,codename,family,house,purpose,trustTier,surfaces,permissionClass,protocols,endpoint,latencyMs,costWeight,billingClass,capabilities,dependencies,version,status
TOOL-001,Pulse Keeper,PULSE-KEEPER,VOIS_TOOLS,CROWN,Continuous heartbeat monitoring for organism vitality,T0-ALWAYS-ON,core,sovereign,ICP-HEARTBEAT,organism://nova/crown/pulse-keeper,10,0.1,internal,"heartbeat,vitality,uptime",none,1.0.0,active
TOOL-002,Sync Weaver,SYNC-WEAVER,VOIS_TOOLS,COGNITION,Synchronizes state across distributed canister nodes,T0-ALWAYS-ON,core,sovereign,ICP-SYNC,organism://nova/cognition/sync-weaver,15,0.2,internal,"sync,replication,consistency",PULSE-KEEPER,1.0.0,active
TOOL-003,Flow Monitor,FLOW-MONITOR,VOIS_TOOLS,MEMORY,Tracks message flow and inter-canister call graphs,T0-ALWAYS-ON,core,sovereign,ICP-FLOW,organism://nova/memory/flow-monitor,12,0.15,internal,"flow-tracking,call-graph,monitoring",SYNC-WEAVER,1.0.0,active
TOOL-004,State Guardian,STATE-GUARDIAN,VOIS_TOOLS,PERCEPTION,Protects canister state integrity during upgrades,T0-ALWAYS-ON,core,sovereign,ICP-STATE,organism://nova/perception/state-guardian,20,0.3,internal,"state-protection,upgrade-safety,rollback",PULSE-KEEPER,1.0.0,active
TOOL-005,Cycle Counter,CYCLE-COUNTER,VOIS_TOOLS,ECONOMICS,Monitors cycle consumption and budget allocation,T0-ALWAYS-ON,core,sovereign,ICP-CYCLES,organism://nova/economics/cycle-counter,8,0.1,internal,"cycle-tracking,budget,resource-accounting",none,1.0.0,active
TOOL-006,Inference Engine,INFER-ENGINE,VOIS_TOOLS,COGNITION,Runs local inference for cognitive processing,T0-ALWAYS-ON,core,sovereign,ICP-INFER,organism://nova/cognition/infer-engine,45,0.8,internal,"inference,reasoning,prediction",CONTEXT-BUILDER,1.0.0,active
TOOL-007,Pattern Seeker,PATTERN-SEEKER,VOIS_TOOLS,CONSCIOUSNESS,Detects recurring patterns in organism behavior,T0-ALWAYS-ON,core,sovereign,ICP-PATTERN,organism://nova/consciousness/pattern-seeker,30,0.5,internal,"pattern-detection,behavior-analysis,trends",MEMORY-CONSOLIDATOR,1.0.0,active
TOOL-008,Context Builder,CONTEXT-BUILDER,VOIS_TOOLS,COGNITION,Assembles contextual frames for cognitive tasks,T0-ALWAYS-ON,core,sovereign,ICP-CONTEXT,organism://nova/cognition/context-builder,22,0.4,internal,"context-assembly,framing,enrichment",MEMORY-CONSOLIDATOR,1.0.0,active
TOOL-009,Attention Router,ATTENTION-ROUTER,VOIS_TOOLS,CROWN,Routes cognitive attention to priority signals,T0-ALWAYS-ON,core,sovereign,ICP-ATTENTION,organism://nova/crown/attention-router,18,0.35,internal,"attention,priority-routing,focus",PULSE-KEEPER,1.0.0,active
TOOL-010,Memory Consolidator,MEMORY-CONSOLIDATOR,VOIS_TOOLS,MEMORY,Consolidates short-term to long-term memory,T0-ALWAYS-ON,core,sovereign,ICP-MEMORY,organism://nova/memory/memory-consolidator,35,0.6,internal,"memory-consolidation,persistence,recall",STATE-GUARDIAN,1.0.0,active
TOOL-011,Sentinel Watch,SENTINEL-WATCH,VOIS_TOOLS,DEFENSE,Continuous perimeter monitoring for threats,T0-ALWAYS-ON,core,sovereign,ICP-SENTINEL,organism://nova/defense/sentinel-watch,10,0.15,internal,"threat-detection,perimeter,monitoring",PULSE-KEEPER,1.0.0,active
TOOL-012,Integrity Checker,INTEGRITY-CHECKER,VOIS_TOOLS,DEFENSE,Validates data and module integrity checksums,T0-ALWAYS-ON,core,sovereign,ICP-INTEGRITY,organism://nova/defense/integrity-checker,12,0.2,internal,"checksum,validation,integrity",SENTINEL-WATCH,1.0.0,active
TOOL-013,Boundary Enforcer,BOUNDARY-ENFORCER,VOIS_TOOLS,DEFENSE,Enforces trust boundaries between modules,T0-ALWAYS-ON,core,sovereign,ICP-BOUNDARY,organism://nova/defense/boundary-enforcer,14,0.25,internal,"boundary,trust,isolation",INTEGRITY-CHECKER,1.0.0,active
TOOL-014,Anomaly Detector,ANOMALY-DETECTOR,VOIS_TOOLS,PERCEPTION,Detects statistical anomalies in system behavior,T0-ALWAYS-ON,core,sovereign,ICP-ANOMALY,organism://nova/perception/anomaly-detector,28,0.45,internal,"anomaly-detection,statistics,alerting",PATTERN-SEEKER,1.0.0,active
TOOL-015,Seal Verifier,SEAL-VERIFIER,VOIS_TOOLS,DEFENSE,Verifies cryptographic seals on sovereign data,T0-ALWAYS-ON,core,sovereign,ICP-SEAL,organism://nova/defense/seal-verifier,16,0.3,internal,"cryptography,verification,seal",INTEGRITY-CHECKER,1.0.0,active
TOOL-016,Resource Balancer,RESOURCE-BALANCER,VOIS_TOOLS,INFRASTRUCTURE,Balances compute resources across modules,T0-ALWAYS-ON,core,sovereign,ICP-RESOURCE,organism://nova/infrastructure/resource-balancer,18,0.35,internal,"load-balancing,resource-allocation,scheduling",CYCLE-COUNTER,1.0.0,active
TOOL-017,Connection Pool,CONNECTION-POOL,VOIS_TOOLS,INFRASTRUCTURE,Manages inter-canister connection pooling,T0-ALWAYS-ON,core,sovereign,ICP-CONNPOOL,organism://nova/infrastructure/connection-pool,10,0.15,internal,"connection-pooling,reuse,efficiency",RESOURCE-BALANCER,1.0.0,active
TOOL-018,Cache Optimizer,CACHE-OPTIMIZER,VOIS_TOOLS,MEMORY,Optimizes caching strategies for hot data,T0-ALWAYS-ON,core,sovereign,ICP-CACHE,organism://nova/memory/cache-optimizer,15,0.25,internal,"caching,optimization,eviction",RESOURCE-BALANCER,1.0.0,active
TOOL-019,Queue Processor,QUEUE-PROCESSOR,VOIS_TOOLS,COMMUNICATION,Processes async message queues reliably,T0-ALWAYS-ON,core,sovereign,ICP-QUEUE,organism://nova/communication/queue-processor,14,0.2,internal,"queue,async,message-processing",CONNECTION-POOL,1.0.0,active
TOOL-020,Log Streamer,LOG-STREAMER,VOIS_TOOLS,COMMUNICATION,Streams structured logs for observability,T0-ALWAYS-ON,core,sovereign,ICP-LOG,organism://nova/communication/log-streamer,10,0.1,internal,"logging,streaming,observability",none,1.0.0,active
TOOL-021,SDK Registry Browser,SDK-REGISTRY,MARKETPLACE_CALLS,CROWN,Browses and queries the SDK registry for available packages,T1-MARKETPLACE,marketplace,marketplace-call,ICP-MKT,organism://nova/crown/sdk-registry,20,0.2,metered,"marketplace,sdk-registry",none,1.0.0,active
TOOL-022,Organism Package Manager,ORG-PKG-MGR,MARKETPLACE_CALLS,COGNITION,Manages organism package installation and versioning,T1-MARKETPLACE,marketplace,marketplace-call,ICP-MKT,organism://nova/cognition/org-pkg-mgr,23,0.25,metered,"marketplace,org-pkg-mgr",none,1.0.0,active
TOOL-023,Tool Discovery Engine,TOOL-DISCOVERY,MARKETPLACE_CALLS,MEMORY,Discovers and indexes available tools in the marketplace,T1-MARKETPLACE,marketplace,marketplace-call,ICP-MKT,organism://nova/memory/tool-discovery,26,0.3,metered,"marketplace,tool-discovery",none,1.0.0,active
TOOL-024,Permission Grant Manager,PERM-GRANT-MGR,MARKETPLACE_CALLS,PERCEPTION,Manages permission grants for marketplace tool access,T1-MARKETPLACE,marketplace,marketplace-call,ICP-MKT,organism://nova/perception/perm-grant-mgr,29,0.35,metered,"marketplace,perm-grant-mgr",none,1.0.0,active
TOOL-025,Usage Meter,USAGE-METER,MARKETPLACE_CALLS,COMMUNICATION,Meters and tracks tool usage for billing and analytics,T1-MARKETPLACE,marketplace,marketplace-call,ICP-MKT,organism://nova/communication/usage-meter,32,0.4,metered,"marketplace,usage-meter",none,1.0.0,active
TOOL-026,Billing Calculator,BILLING-CALC,MARKETPLACE_CALLS,DEFENSE,Calculates costs based on usage and pricing tiers,T1-MARKETPLACE,marketplace,marketplace-call,ICP-MKT,organism://nova/defense/billing-calc,35,0.45,metered,"marketplace,billing-calc",none,1.0.0,active
TOOL-027,Trust Tier Validator,TRUST-VALIDATOR,MARKETPLACE_CALLS,CREATION,Validates trust tier requirements for tool access,T1-MARKETPLACE,marketplace,marketplace-call,ICP-MKT,organism://nova/creation/trust-validator,38,0.5,metered,"marketplace,trust-validator",none,1.0.0,active
TOOL-028,Schema Validator,SCHEMA-VALIDATOR,MARKETPLACE_CALLS,ECONOMICS,Validates request and response schemas for marketplace calls,T1-MARKETPLACE,marketplace,marketplace-call,ICP-MKT,organism://nova/economics/schema-validator,41,0.55,metered,"marketplace,schema-validator",none,1.0.0,active
TOOL-029,Call Router,CALL-ROUTER,MARKETPLACE_CALLS,INFRASTRUCTURE,Routes marketplace API calls to appropriate tool backends,T1-MARKETPLACE,marketplace,marketplace-call,ICP-MKT,organism://nova/infrastructure/call-router,44,0.6,metered,"marketplace,call-router",none,1.0.0,active
TOOL-030,Response Formatter,RESPONSE-FMT,MARKETPLACE_CALLS,CONSCIOUSNESS,Formats and normalizes marketplace API responses,T1-MARKETPLACE,marketplace,marketplace-call,ICP-MKT,organism://nova/consciousness/response-fmt,47,0.65,metered,"marketplace,response-fmt",CALL-ROUTER,1.0.0,active
TOOL-031,Rate Limiter,RATE-LIMITER,MARKETPLACE_CALLS,CROWN,Enforces rate limits on marketplace API calls,T1-MARKETPLACE,marketplace,marketplace-call,ICP-MKT,organism://nova/crown/rate-limiter,50,0.7,metered,"marketplace,rate-limiter",CALL-ROUTER,1.0.0,active
TOOL-032,Load Balancer,LOAD-BALANCER,MARKETPLACE_CALLS,COGNITION,Distributes marketplace traffic across tool instances,T1-MARKETPLACE,marketplace,marketplace-call,ICP-MKT,organism://nova/cognition/load-balancer,53,0.75,metered,"marketplace,load-balancer",CALL-ROUTER,1.0.0,active
TOOL-033,Circuit Breaker,CIRCUIT-BREAKER,MARKETPLACE_CALLS,MEMORY,Prevents cascading failures in marketplace call chains,T1-MARKETPLACE,marketplace,marketplace-call,ICP-MKT,organism://nova/memory/circuit-breaker,56,0.8,metered,"marketplace,circuit-breaker",CALL-ROUTER,1.0.0,active
TOOL-034,Retry Handler,RETRY-HANDLER,MARKETPLACE_CALLS,PERCEPTION,Handles retry logic with exponential backoff for failed calls,T1-MARKETPLACE,marketplace,marketplace-call,ICP-MKT,organism://nova/perception/retry-handler,59,0.85,metered,"marketplace,retry-handler",CALL-ROUTER,1.0.0,active
TOOL-035,Timeout Manager,TIMEOUT-MGR,MARKETPLACE_CALLS,COMMUNICATION,Manages and enforces timeouts on marketplace operations,T1-MARKETPLACE,marketplace,marketplace-call,ICP-MKT,organism://nova/communication/timeout-mgr,62,0.9,metered,"marketplace,timeout-mgr",CALL-ROUTER,1.0.0,active
TOOL-036,Webhook Dispatcher,WEBHOOK-DISPATCH,MARKETPLACE_CALLS,DEFENSE,Dispatches webhook notifications for marketplace events,T1-MARKETPLACE,marketplace,marketplace-call,ICP-MKT,organism://nova/defense/webhook-dispatch,65,0.95,metered,"marketplace,webhook-dispatch",CALL-ROUTER,1.0.0,active
TOOL-037,Event Emitter,EVENT-EMITTER,MARKETPLACE_CALLS,CREATION,Emits structured events for marketplace activity tracking,T1-MARKETPLACE,marketplace,marketplace-call,ICP-MKT,organism://nova/creation/event-emitter,68,1.0,metered,"marketplace,event-emitter",CALL-ROUTER,1.0.0,active
TOOL-038,Subscription Manager,SUB-MANAGER,MARKETPLACE_CALLS,ECONOMICS,Manages tool subscriptions and renewal lifecycle,T1-MARKETPLACE,marketplace,marketplace-call,ICP-MKT,organism://nova/economics/sub-manager,71,1.05,metered,"marketplace,sub-manager",CALL-ROUTER,1.0.0,active
TOOL-039,API Key Generator,APIKEY-GEN,MARKETPLACE_CALLS,INFRASTRUCTURE,Generates and rotates API keys for marketplace access,T1-MARKETPLACE,marketplace,marketplace-call,ICP-MKT,organism://nova/infrastructure/apikey-gen,74,1.1,metered,"marketplace,apikey-gen",CALL-ROUTER,1.0.0,active
TOOL-040,Principal Resolver,PRINCIPAL-RESOLVER,MARKETPLACE_CALLS,CONSCIOUSNESS,Resolves ICP principals to marketplace identities,T1-MARKETPLACE,marketplace,marketplace-call,ICP-MKT,organism://nova/consciousness/principal-resolver,77,1.15,metered,"marketplace,principal-resolver",CALL-ROUTER,1.0.0,active
TOOL-041,Marketplace Search,MKT-SEARCH,MARKETPLACE_CALLS,CROWN,Full-text search across marketplace tool listings,T1-MARKETPLACE,marketplace,marketplace-call,ICP-MKT,organism://nova/crown/mkt-search,80,0.2,metered,"marketplace,mkt-search",CALL-ROUTER,1.0.0,active
TOOL-042,Category Filter,CATEGORY-FILTER,MARKETPLACE_CALLS,COGNITION,Filters marketplace tools by category and taxonomy,T1-MARKETPLACE,marketplace,marketplace-call,ICP-MKT,organism://nova/cognition/category-filter,83,0.25,metered,"marketplace,category-filter",CALL-ROUTER,1.0.0,active
TOOL-043,Popularity Ranker,POP-RANKER,MARKETPLACE_CALLS,MEMORY,Ranks marketplace tools by popularity and usage metrics,T1-MARKETPLACE,marketplace,marketplace-call,ICP-MKT,organism://nova/memory/pop-ranker,86,0.3,metered,"marketplace,pop-ranker",CALL-ROUTER,1.0.0,active
TOOL-044,Recommendation Engine,RECOMMEND-ENGINE,MARKETPLACE_CALLS,PERCEPTION,Recommends tools based on usage patterns and context,T1-MARKETPLACE,marketplace,marketplace-call,ICP-MKT,organism://nova/perception/recommend-engine,89,0.35,metered,"marketplace,recommend-engine",CALL-ROUTER,1.0.0,active
TOOL-045,Install Manager,INSTALL-MGR,MARKETPLACE_CALLS,COMMUNICATION,Manages tool installation and dependency resolution,T1-MARKETPLACE,marketplace,marketplace-call,ICP-MKT,organism://nova/communication/install-mgr,92,0.4,metered,"marketplace,install-mgr",CALL-ROUTER,1.0.0,active
TOOL-046,Update Notifier,UPDATE-NOTIFIER,MARKETPLACE_CALLS,DEFENSE,Notifies organisms of available tool updates,T1-MARKETPLACE,marketplace,marketplace-call,ICP-MKT,organism://nova/defense/update-notifier,95,0.45,metered,"marketplace,update-notifier",CALL-ROUTER,1.0.0,active
TOOL-047,Deprecation Tracker,DEPREC-TRACKER,MARKETPLACE_CALLS,CREATION,Tracks and alerts on deprecated marketplace tools,T1-MARKETPLACE,marketplace,marketplace-call,ICP-MKT,organism://nova/creation/deprec-tracker,98,0.5,metered,"marketplace,deprec-tracker",CALL-ROUTER,1.0.0,active
TOOL-048,Changelog Generator,CHANGELOG-GEN,MARKETPLACE_CALLS,ECONOMICS,Generates changelogs from marketplace tool versions,T1-MARKETPLACE,marketplace,marketplace-call,ICP-MKT,organism://nova/economics/changelog-gen,21,0.55,metered,"marketplace,changelog-gen",CALL-ROUTER,1.0.0,active
TOOL-049,Health Dashboard,HEALTH-DASH,MARKETPLACE_CALLS,INFRASTRUCTURE,Aggregates health status of all marketplace tools,T1-MARKETPLACE,marketplace,marketplace-call,ICP-MKT,organism://nova/infrastructure/health-dash,24,0.6,metered,"marketplace,health-dash",CALL-ROUTER,1.0.0,active
TOOL-050,Analytics Collector,ANALYTICS-COLLECT,MARKETPLACE_CALLS,CONSCIOUSNESS,Collects and aggregates marketplace usage analytics,T1-MARKETPLACE,marketplace,marketplace-call,ICP-MKT,organism://nova/consciousness/analytics-collect,27,0.65,metered,"marketplace,analytics-collect",CALL-ROUTER,1.0.0,active
TOOL-051,Feedback Processor,FEEDBACK-PROC,MARKETPLACE_CALLS,CROWN,Processes user feedback and ratings for marketplace tools,T1-MARKETPLACE,marketplace,marketplace-call,ICP-MKT,organism://nova/crown/feedback-proc,30,0.7,metered,"marketplace,feedback-proc",CALL-ROUTER,1.0.0,active
TOOL-052,Review Aggregator,REVIEW-AGG,MARKETPLACE_CALLS,COGNITION,Aggregates and summarizes marketplace tool reviews,T1-MARKETPLACE,marketplace,marketplace-call,ICP-MKT,organism://nova/cognition/review-agg,33,0.75,metered,"marketplace,review-agg",CALL-ROUTER,1.0.0,active
TOOL-053,Version Comparator,VERSION-CMP,MARKETPLACE_CALLS,MEMORY,Compares tool versions for compatibility checking,T1-MARKETPLACE,marketplace,marketplace-call,ICP-MKT,organism://nova/memory/version-cmp,36,0.8,metered,"marketplace,version-cmp",CALL-ROUTER,1.0.0,active
TOOL-054,Compatibility Checker,COMPAT-CHECK,MARKETPLACE_CALLS,PERCEPTION,Checks cross-tool and cross-version compatibility,T1-MARKETPLACE,marketplace,marketplace-call,ICP-MKT,organism://nova/perception/compat-check,39,0.85,metered,"marketplace,compat-check",CALL-ROUTER,1.0.0,active
TOOL-055,License Validator,LICENSE-VALID,MARKETPLACE_CALLS,COMMUNICATION,Validates tool licenses for compliance requirements,T1-MARKETPLACE,marketplace,marketplace-call,ICP-MKT,organism://nova/communication/license-valid,42,0.9,metered,"marketplace,license-valid",CALL-ROUTER,1.0.0,active
TOOL-056,Quota Manager,QUOTA-MGR,MARKETPLACE_CALLS,DEFENSE,Manages usage quotas and allocation for marketplace tools,T1-MARKETPLACE,marketplace,marketplace-call,ICP-MKT,organism://nova/defense/quota-mgr,45,0.95,metered,"marketplace,quota-mgr",CALL-ROUTER,1.0.0,active
TOOL-057,Throttle Controller,THROTTLE-CTRL,MARKETPLACE_CALLS,CREATION,Controls traffic throttling for marketplace endpoints,T1-MARKETPLACE,marketplace,marketplace-call,ICP-MKT,organism://nova/creation/throttle-ctrl,48,1.0,metered,"marketplace,throttle-ctrl",CALL-ROUTER,1.0.0,active
TOOL-058,Cache Invalidator,CACHE-INVAL,MARKETPLACE_CALLS,ECONOMICS,Invalidates stale marketplace caches on data changes,T1-MARKETPLACE,marketplace,marketplace-call,ICP-MKT,organism://nova/economics/cache-inval,51,1.05,metered,"marketplace,cache-inval",CALL-ROUTER,1.0.0,active
TOOL-059,Batch Processor,BATCH-PROC,MARKETPLACE_CALLS,INFRASTRUCTURE,Processes batch marketplace operations efficiently,T1-MARKETPLACE,marketplace,marketplace-call,ICP-MKT,organism://nova/infrastructure/batch-proc,54,1.1,metered,"marketplace,batch-proc",CALL-ROUTER,1.0.0,active
TOOL-060,Export Manager,EXPORT-MGR,MARKETPLACE_CALLS,CONSCIOUSNESS,Exports marketplace data and reports in multiple formats,T1-MARKETPLACE,marketplace,marketplace-call,ICP-MKT,organism://nova/consciousness/export-mgr,57,1.15,metered,"marketplace,export-mgr",CALL-ROUTER,1.0.0,active
TOOL-061,Goal Decomposer,GOAL-DECOMP,AI_CALLS,CROWN,Decomposes high-level goals into actionable sub-tasks,T2-AI-INVOKE,ai-runtime,ai-call,ICP-AI,organism://nova/crown/goal-decomp,50,0.5,per-token,"ai,goal-decomp",INFER-ENGINE,1.0.0,active
TOOL-062,Hallucination Checker,HALLUC-CHECK,AI_CALLS,COGNITION,Detects and flags potential hallucinations in AI output,T2-AI-INVOKE,ai-runtime,ai-call,ICP-AI,organism://nova/cognition/halluc-check,57,0.58,per-token,"ai,halluc-check",INFER-ENGINE,1.0.0,active
TOOL-063,Sentiment Analyzer,SENTIMENT-ANALYZE,AI_CALLS,MEMORY,Analyzes sentiment polarity and intensity in text,T2-AI-INVOKE,ai-runtime,ai-call,ICP-AI,organism://nova/memory/sentiment-analyze,64,0.66,per-token,"ai,sentiment-analyze",INFER-ENGINE,1.0.0,active
TOOL-064,Code Understander,CODE-UNDERSTAND,AI_CALLS,PERCEPTION,Parses and comprehends code semantics and intent,T2-AI-INVOKE,ai-runtime,ai-call,ICP-AI,organism://nova/perception/code-understand,71,0.74,per-token,"ai,code-understand",INFER-ENGINE,1.0.0,active
TOOL-065,Intent Classifier,INTENT-CLASSIFY,AI_CALLS,COMMUNICATION,Classifies user intent from natural language input,T2-AI-INVOKE,ai-runtime,ai-call,ICP-AI,organism://nova/communication/intent-classify,78,0.82,per-token,"ai,intent-classify",INFER-ENGINE,1.0.0,active
TOOL-066,Entity Extractor,ENTITY-EXTRACT,AI_CALLS,DEFENSE,Extracts named entities and relationships from text,T2-AI-INVOKE,ai-runtime,ai-call,ICP-AI,organism://nova/defense/entity-extract,85,0.9,per-token,"ai,entity-extract",INFER-ENGINE,1.0.0,active
TOOL-067,Summarizer,SUMMARIZER,AI_CALLS,CREATION,Generates concise summaries of long-form content,T2-AI-INVOKE,ai-runtime,ai-call,ICP-AI,organism://nova/creation/summarizer,92,0.98,per-token,"ai,summarizer",INFER-ENGINE,1.0.0,active
TOOL-068,Translator,TRANSLATOR,AI_CALLS,ECONOMICS,Translates content across natural languages,T2-AI-INVOKE,ai-runtime,ai-call,ICP-AI,organism://nova/economics/translator,99,1.06,per-token,"ai,translator",INFER-ENGINE,1.0.0,active
TOOL-069,Embeddings Generator,EMBED-GEN,AI_CALLS,INFRASTRUCTURE,Generates vector embeddings for semantic operations,T2-AI-INVOKE,ai-runtime,ai-call,ICP-AI,organism://nova/infrastructure/embed-gen,106,1.14,per-token,"ai,embed-gen",INFER-ENGINE,1.0.0,active
TOOL-070,Similarity Scorer,SIMILARITY-SCORE,AI_CALLS,CONSCIOUSNESS,Scores semantic similarity between content pairs,T2-AI-INVOKE,ai-runtime,ai-call,ICP-AI,organism://nova/consciousness/similarity-score,113,1.22,per-token,"ai,similarity-score",INFER-ENGINE,1.0.0,active
TOOL-071,Toxicity Filter,TOXICITY-FILTER,AI_CALLS,CROWN,Filters toxic and harmful content from AI outputs,T2-AI-INVOKE,ai-runtime,ai-call,ICP-AI,organism://nova/crown/toxicity-filter,120,1.3,per-token,"ai,toxicity-filter",INFER-ENGINE,1.0.0,active
TOOL-072,Fact Verifier,FACT-VERIFY,AI_CALLS,COGNITION,Verifies factual claims against knowledge sources,T2-AI-INVOKE,ai-runtime,ai-call,ICP-AI,organism://nova/cognition/fact-verify,127,1.38,per-token,"ai,fact-verify",INFER-ENGINE,1.0.0,active
TOOL-073,Citation Finder,CITATION-FIND,AI_CALLS,MEMORY,Finds and validates citations for generated content,T2-AI-INVOKE,ai-runtime,ai-call,ICP-AI,organism://nova/memory/citation-find,134,1.46,per-token,"ai,citation-find",INFER-ENGINE,1.0.0,active
TOOL-074,Answer Generator,ANSWER-GEN,AI_CALLS,PERCEPTION,Generates contextual answers to structured queries,T2-AI-INVOKE,ai-runtime,ai-call,ICP-AI,organism://nova/perception/answer-gen,141,1.54,per-token,"ai,answer-gen",INFER-ENGINE,1.0.0,active
TOOL-075,Question Former,QUESTION-FORM,AI_CALLS,COMMUNICATION,Forms clarifying questions to resolve ambiguity,T2-AI-INVOKE,ai-runtime,ai-call,ICP-AI,organism://nova/communication/question-form,148,1.62,per-token,"ai,question-form",INFER-ENGINE,1.0.0,active
TOOL-076,Hypothesis Tester,HYPOTHESIS-TEST,AI_CALLS,DEFENSE,Tests hypotheses against available evidence,T2-AI-INVOKE,ai-runtime,ai-call,ICP-AI,organism://nova/defense/hypothesis-test,155,1.7,per-token,"ai,hypothesis-test",INFER-ENGINE,1.0.0,active
TOOL-077,Analogy Maker,ANALOGY-MAKE,AI_CALLS,CREATION,Creates analogies to explain complex concepts,T2-AI-INVOKE,ai-runtime,ai-call,ICP-AI,organism://nova/creation/analogy-make,162,1.78,per-token,"ai,analogy-make",INFER-ENGINE,1.0.0,active
TOOL-078,Metaphor Generator,METAPHOR-GEN,AI_CALLS,ECONOMICS,Generates apt metaphors for abstract ideas,T2-AI-INVOKE,ai-runtime,ai-call,ICP-AI,organism://nova/economics/metaphor-gen,169,1.86,per-token,"ai,metaphor-gen",INFER-ENGINE,1.0.0,active
TOOL-079,Style Adapter,STYLE-ADAPT,AI_CALLS,INFRASTRUCTURE,Adapts writing style to match target audience,T2-AI-INVOKE,ai-runtime,ai-call,ICP-AI,organism://nova/infrastructure/style-adapt,176,1.94,per-token,"ai,style-adapt",INFER-ENGINE,1.0.0,active
TOOL-080,Tone Adjuster,TONE-ADJUST,AI_CALLS,CONSCIOUSNESS,Adjusts tone of content for appropriate context,T2-AI-INVOKE,ai-runtime,ai-call,ICP-AI,organism://nova/consciousness/tone-adjust,183,2.02,per-token,"ai,tone-adjust",INFER-ENGINE,1.0.0,active
TOOL-081,Complexity Reducer,COMPLEX-REDUCE,AI_CALLS,CROWN,Reduces complexity of technical content for clarity,T2-AI-INVOKE,ai-runtime,ai-call,ICP-AI,organism://nova/crown/complex-reduce,190,2.1,per-token,"ai,complex-reduce",CONTEXT-BUILDER,1.0.0,active
TOOL-082,Jargon Decoder,JARGON-DECODE,AI_CALLS,COGNITION,Decodes domain jargon into plain language,T2-AI-INVOKE,ai-runtime,ai-call,ICP-AI,organism://nova/cognition/jargon-decode,197,2.18,per-token,"ai,jargon-decode",CONTEXT-BUILDER,1.0.0,active
TOOL-083,Multi-Turn Tracker,MULTI-TURN-TRACK,AI_CALLS,MEMORY,Tracks context across multi-turn conversations,T2-AI-INVOKE,ai-runtime,ai-call,ICP-AI,organism://nova/memory/multi-turn-track,54,2.26,per-token,"ai,multi-turn-track",CONTEXT-BUILDER,1.0.0,active
TOOL-084,Persona Switcher,PERSONA-SWITCH,AI_CALLS,PERCEPTION,Switches AI persona for different interaction modes,T2-AI-INVOKE,ai-runtime,ai-call,ICP-AI,organism://nova/perception/persona-switch,61,2.34,per-token,"ai,persona-switch",CONTEXT-BUILDER,1.0.0,active
TOOL-085,Memory Retriever,MEM-RETRIEVE,AI_CALLS,COMMUNICATION,Retrieves relevant memories for contextual responses,T2-AI-INVOKE,ai-runtime,ai-call,ICP-AI,organism://nova/communication/mem-retrieve,68,2.42,per-token,"ai,mem-retrieve",CONTEXT-BUILDER,1.0.0,active
TOOL-086,Knowledge Linker,KNOWLEDGE-LINK,AI_CALLS,DEFENSE,Links related knowledge nodes for enriched reasoning,T2-AI-INVOKE,ai-runtime,ai-call,ICP-AI,organism://nova/defense/knowledge-link,75,0.5,per-token,"ai,knowledge-link",CONTEXT-BUILDER,1.0.0,active
TOOL-087,Thought Chain Builder,THOUGHT-CHAIN,AI_CALLS,CREATION,Builds explicit chains of thought for transparency,T2-AI-INVOKE,ai-runtime,ai-call,ICP-AI,organism://nova/creation/thought-chain,82,0.58,per-token,"ai,thought-chain",CONTEXT-BUILDER,1.0.0,active
TOOL-088,Reasoning Validator,REASON-VALID,AI_CALLS,ECONOMICS,Validates logical consistency of reasoning chains,T2-AI-INVOKE,ai-runtime,ai-call,ICP-AI,organism://nova/economics/reason-valid,89,0.66,per-token,"ai,reason-valid",CONTEXT-BUILDER,1.0.0,active
TOOL-089,Uncertainty Quantifier,UNCERTAIN-QUANT,AI_CALLS,INFRASTRUCTURE,Quantifies confidence and uncertainty in AI outputs,T2-AI-INVOKE,ai-runtime,ai-call,ICP-AI,organism://nova/infrastructure/uncertain-quant,96,0.74,per-token,"ai,uncertain-quant",CONTEXT-BUILDER,1.0.0,active
TOOL-090,Bias Detector,BIAS-DETECT,AI_CALLS,CONSCIOUSNESS,Detects cognitive and statistical biases in outputs,T2-AI-INVOKE,ai-runtime,ai-call,ICP-AI,organism://nova/consciousness/bias-detect,103,0.82,per-token,"ai,bias-detect",CONTEXT-BUILDER,1.0.0,active
TOOL-091,Fairness Auditor,FAIRNESS-AUDIT,AI_CALLS,CROWN,Audits AI outputs for fairness across demographics,T2-AI-INVOKE,ai-runtime,ai-call,ICP-AI,organism://nova/crown/fairness-audit,110,0.9,per-token,"ai,fairness-audit",CONTEXT-BUILDER,1.0.0,active
TOOL-092,Privacy Scanner,PRIVACY-SCAN,AI_CALLS,COGNITION,Scans content for privacy-sensitive information,T2-AI-INVOKE,ai-runtime,ai-call,ICP-AI,organism://nova/cognition/privacy-scan,117,0.98,per-token,"ai,privacy-scan",CONTEXT-BUILDER,1.0.0,active
TOOL-093,Compliance Checker,COMPLY-CHECK,AI_CALLS,MEMORY,Checks AI outputs against compliance requirements,T2-AI-INVOKE,ai-runtime,ai-call,ICP-AI,organism://nova/memory/comply-check,124,1.06,per-token,"ai,comply-check",CONTEXT-BUILDER,1.0.0,active
TOOL-094,Cost Estimator,COST-ESTIMATE,AI_CALLS,PERCEPTION,Estimates compute cost of AI operations,T2-AI-INVOKE,ai-runtime,ai-call,ICP-AI,organism://nova/perception/cost-estimate,131,1.14,per-token,"ai,cost-estimate",CONTEXT-BUILDER,1.0.0,active
TOOL-095,Latency Predictor,LATENCY-PREDICT,AI_CALLS,COMMUNICATION,Predicts latency for AI inference operations,T2-AI-INVOKE,ai-runtime,ai-call,ICP-AI,organism://nova/communication/latency-predict,138,1.22,per-token,"ai,latency-predict",CONTEXT-BUILDER,1.0.0,active
TOOL-096,Quality Scorer,QUALITY-SCORE,AI_CALLS,DEFENSE,Scores overall quality of AI-generated content,T2-AI-INVOKE,ai-runtime,ai-call,ICP-AI,organism://nova/defense/quality-score,145,1.3,per-token,"ai,quality-score",CONTEXT-BUILDER,1.0.0,active
TOOL-097,Benchmark Runner,BENCHMARK-RUN,AI_CALLS,CREATION,Runs standardized benchmarks on AI capabilities,T2-AI-INVOKE,ai-runtime,ai-call,ICP-AI,organism://nova/creation/benchmark-run,152,1.38,per-token,"ai,benchmark-run",CONTEXT-BUILDER,1.0.0,active
TOOL-098,A/B Tester,AB-TEST,AI_CALLS,ECONOMICS,Runs A/B tests on AI model variants,T2-AI-INVOKE,ai-runtime,ai-call,ICP-AI,organism://nova/economics/ab-test,159,1.46,per-token,"ai,ab-test",CONTEXT-BUILDER,1.0.0,active
TOOL-099,Prompt Optimizer,PROMPT-OPT,AI_CALLS,INFRASTRUCTURE,Optimizes prompts for better AI performance,T2-AI-INVOKE,ai-runtime,ai-call,ICP-AI,organism://nova/infrastructure/prompt-opt,166,1.54,per-token,"ai,prompt-opt",CONTEXT-BUILDER,1.0.0,active
TOOL-100,Model Selector,MODEL-SELECT,AI_CALLS,CONSCIOUSNESS,Selects optimal AI model for given task requirements,T2-AI-INVOKE,ai-runtime,ai-call,ICP-AI,organism://nova/consciousness/model-select,173,1.62,per-token,"ai,model-select",CONTEXT-BUILDER,1.0.0,active
TOOL-101,Microservice Blueprint,BP-MICROSERVICE,BLUEPRINTS,CROWN,Template for microservice-based organism architecture,T3-TEMPLATE,design-studio,read-only,ICP-BLUEPRINT,organism://nova/crown/bp-microservice,5,0.05,free-tier,"blueprint,architecture,bp-microservice",none,1.0.0,active
TOOL-102,Monolith Blueprint,BP-MONOLITH,BLUEPRINTS,COGNITION,Template for monolithic organism architecture,T3-TEMPLATE,design-studio,read-only,ICP-BLUEPRINT,organism://nova/cognition/bp-monolith,7,0.07,free-tier,"blueprint,architecture,bp-monolith",none,1.0.0,active
TOOL-103,Serverless Blueprint,BP-SERVERLESS,BLUEPRINTS,MEMORY,Template for serverless canister-based architecture,T3-TEMPLATE,design-studio,read-only,ICP-BLUEPRINT,organism://nova/memory/bp-serverless,9,0.09,free-tier,"blueprint,architecture,bp-serverless",none,1.0.0,active
TOOL-104,Event-Driven Blueprint,BP-EVENT-DRIVEN,BLUEPRINTS,PERCEPTION,Template for event-driven asynchronous architecture,T3-TEMPLATE,design-studio,read-only,ICP-BLUEPRINT,organism://nova/perception/bp-event-driven,11,0.11,free-tier,"blueprint,architecture,bp-event-driven",none,1.0.0,active
TOOL-105,CQRS Blueprint,BP-CQRS,BLUEPRINTS,COMMUNICATION,Template for command-query responsibility segregation,T3-TEMPLATE,design-studio,read-only,ICP-BLUEPRINT,organism://nova/communication/bp-cqrs,13,0.13,free-tier,"blueprint,architecture,bp-cqrs",none,1.0.0,active
TOOL-106,Domain-Driven Blueprint,BP-DDD,BLUEPRINTS,DEFENSE,Template for domain-driven design architecture,T3-TEMPLATE,design-studio,read-only,ICP-BLUEPRINT,organism://nova/defense/bp-ddd,15,0.15,free-tier,"blueprint,architecture,bp-ddd",none,1.0.0,active
TOOL-107,Hexagonal Blueprint,BP-HEXAGONAL,BLUEPRINTS,CREATION,Template for hexagonal ports-and-adapters architecture,T3-TEMPLATE,design-studio,read-only,ICP-BLUEPRINT,organism://nova/creation/bp-hexagonal,17,0.17,free-tier,"blueprint,architecture,bp-hexagonal",none,1.0.0,active
TOOL-108,Clean Architecture Blueprint,BP-CLEAN-ARCH,BLUEPRINTS,ECONOMICS,Template for clean architecture with dependency inversion,T3-TEMPLATE,design-studio,read-only,ICP-BLUEPRINT,organism://nova/economics/bp-clean-arch,19,0.19,free-tier,"blueprint,architecture,bp-clean-arch",none,1.0.0,active
TOOL-109,Onion Blueprint,BP-ONION,BLUEPRINTS,INFRASTRUCTURE,Template for onion architecture with layered dependencies,T3-TEMPLATE,design-studio,read-only,ICP-BLUEPRINT,organism://nova/infrastructure/bp-onion,21,0.21,free-tier,"blueprint,architecture,bp-onion",none,1.0.0,active
TOOL-110,Pipe-Filter Blueprint,BP-PIPE-FILTER,BLUEPRINTS,CONSCIOUSNESS,Template for pipe-and-filter data processing architecture,T3-TEMPLATE,design-studio,read-only,ICP-BLUEPRINT,organism://nova/consciousness/bp-pipe-filter,23,0.23,free-tier,"blueprint,architecture,bp-pipe-filter",none,1.0.0,active
TOOL-111,Plugin Blueprint,BP-PLUGIN,BLUEPRINTS,CROWN,Template for extensible plugin-based architecture,T3-TEMPLATE,design-studio,read-only,ICP-BLUEPRINT,organism://nova/crown/bp-plugin,5,0.25,free-tier,"blueprint,architecture,bp-plugin",none,1.0.0,active
TOOL-112,Middleware Blueprint,BP-MIDDLEWARE,BLUEPRINTS,COGNITION,Template for middleware chain processing architecture,T3-TEMPLATE,design-studio,read-only,ICP-BLUEPRINT,organism://nova/cognition/bp-middleware,7,0.27,free-tier,"blueprint,architecture,bp-middleware",none,1.0.0,active
TOOL-113,Gateway Blueprint,BP-GATEWAY,BLUEPRINTS,MEMORY,Template for API gateway aggregation architecture,T3-TEMPLATE,design-studio,read-only,ICP-BLUEPRINT,organism://nova/memory/bp-gateway,9,0.29,free-tier,"blueprint,architecture,bp-gateway",none,1.0.0,active
TOOL-114,Sidecar Blueprint,BP-SIDECAR,BLUEPRINTS,PERCEPTION,Template for sidecar proxy pattern architecture,T3-TEMPLATE,design-studio,read-only,ICP-BLUEPRINT,organism://nova/perception/bp-sidecar,11,0.31,free-tier,"blueprint,architecture,bp-sidecar",none,1.0.0,active
TOOL-115,Ambassador Blueprint,BP-AMBASSADOR,BLUEPRINTS,COMMUNICATION,Template for ambassador pattern external service access,T3-TEMPLATE,design-studio,read-only,ICP-BLUEPRINT,organism://nova/communication/bp-ambassador,13,0.33,free-tier,"blueprint,architecture,bp-ambassador",none,1.0.0,active
TOOL-116,Saga Blueprint,BP-SAGA,BLUEPRINTS,DEFENSE,Template for saga-based distributed transaction management,T3-TEMPLATE,design-studio,read-only,ICP-BLUEPRINT,organism://nova/defense/bp-saga,15,0.35,free-tier,"blueprint,architecture,bp-saga",none,1.0.0,active
TOOL-117,Circuit Breaker Blueprint,BP-CIRCUIT,BLUEPRINTS,CREATION,Template for circuit breaker fault tolerance pattern,T3-TEMPLATE,design-studio,read-only,ICP-BLUEPRINT,organism://nova/creation/bp-circuit,17,0.37,free-tier,"blueprint,architecture,bp-circuit",none,1.0.0,active
TOOL-118,Bulkhead Blueprint,BP-BULKHEAD,BLUEPRINTS,ECONOMICS,Template for bulkhead isolation pattern architecture,T3-TEMPLATE,design-studio,read-only,ICP-BLUEPRINT,organism://nova/economics/bp-bulkhead,19,0.39,free-tier,"blueprint,architecture,bp-bulkhead",none,1.0.0,active
TOOL-119,Strangler Blueprint,BP-STRANGLER,BLUEPRINTS,INFRASTRUCTURE,Template for strangler fig migration architecture,T3-TEMPLATE,design-studio,read-only,ICP-BLUEPRINT,organism://nova/infrastructure/bp-strangler,21,0.41,free-tier,"blueprint,architecture,bp-strangler",none,1.0.0,active
TOOL-120,Anti-Corruption Blueprint,BP-ANTICORRUPT,BLUEPRINTS,CONSCIOUSNESS,Template for anti-corruption layer between domains,T3-TEMPLATE,design-studio,read-only,ICP-BLUEPRINT,organism://nova/consciousness/bp-anticorrupt,23,0.43,free-tier,"blueprint,architecture,bp-anticorrupt",none,1.0.0,active
TOOL-121,Full-Stack Deploy Recipe,RECIPE-FULLSTACK,RECIPES,CROWN,Multi-step workflow for full-stack organism deployment,T2-WORKFLOW,orchestrator,execute,ICP-RECIPE,organism://nova/crown/recipe-fullstack,100,0.8,per-execution,"recipe,workflow,recipe-fullstack",CALL-ROUTER,1.0.0,active
TOOL-122,Database Migration Recipe,RECIPE-DB-MIGRATE,RECIPES,COGNITION,Automated workflow for database schema migrations,T2-WORKFLOW,orchestrator,execute,ICP-RECIPE,organism://nova/cognition/recipe-db-migrate,115,0.9,per-execution,"recipe,workflow,recipe-db-migrate",CALL-ROUTER,1.0.0,active
TOOL-123,CI/CD Pipeline Recipe,RECIPE-CICD,RECIPES,MEMORY,End-to-end continuous integration and deployment workflow,T2-WORKFLOW,orchestrator,execute,ICP-RECIPE,organism://nova/memory/recipe-cicd,130,1.0,per-execution,"recipe,workflow,recipe-cicd",CALL-ROUTER,1.0.0,active
TOOL-124,Monitoring Setup Recipe,RECIPE-MONITOR,RECIPES,PERCEPTION,Automated setup of comprehensive monitoring stack,T2-WORKFLOW,orchestrator,execute,ICP-RECIPE,organism://nova/perception/recipe-monitor,145,1.1,per-execution,"recipe,workflow,recipe-monitor",CALL-ROUTER,1.0.0,active
TOOL-125,Alert Configuration Recipe,RECIPE-ALERTS,RECIPES,COMMUNICATION,Multi-step alert rule configuration workflow,T2-WORKFLOW,orchestrator,execute,ICP-RECIPE,organism://nova/communication/recipe-alerts,160,1.2,per-execution,"recipe,workflow,recipe-alerts",CALL-ROUTER,1.0.0,active
TOOL-126,Backup Restore Recipe,RECIPE-BACKUP,RECIPES,DEFENSE,Automated backup creation and restore verification,T2-WORKFLOW,orchestrator,execute,ICP-RECIPE,organism://nova/defense/recipe-backup,175,1.3,per-execution,"recipe,workflow,recipe-backup",CALL-ROUTER,1.0.0,active
TOOL-127,Load Test Recipe,RECIPE-LOADTEST,RECIPES,CREATION,Orchestrated load testing and results analysis workflow,T2-WORKFLOW,orchestrator,execute,ICP-RECIPE,organism://nova/creation/recipe-loadtest,190,1.4,per-execution,"recipe,workflow,recipe-loadtest",CALL-ROUTER,1.0.0,active
TOOL-128,Security Scan Recipe,RECIPE-SECSCAN,RECIPES,ECONOMICS,Multi-stage security scanning and remediation workflow,T2-WORKFLOW,orchestrator,execute,ICP-RECIPE,organism://nova/economics/recipe-secscan,205,1.5,per-execution,"recipe,workflow,recipe-secscan",CALL-ROUTER,1.0.0,active
TOOL-129,Performance Audit Recipe,RECIPE-PERFAUDIT,RECIPES,INFRASTRUCTURE,Comprehensive performance auditing workflow,T2-WORKFLOW,orchestrator,execute,ICP-RECIPE,organism://nova/infrastructure/recipe-perfaudit,220,1.6,per-execution,"recipe,workflow,recipe-perfaudit",CALL-ROUTER,1.0.0,active
TOOL-130,Accessibility Check Recipe,RECIPE-A11Y,RECIPES,CONSCIOUSNESS,Automated accessibility compliance checking workflow,T2-WORKFLOW,orchestrator,execute,ICP-RECIPE,organism://nova/consciousness/recipe-a11y,235,1.7,per-execution,"recipe,workflow,recipe-a11y",CALL-ROUTER,1.0.0,active
TOOL-131,SEO Optimization Recipe,RECIPE-SEO,RECIPES,CROWN,Multi-step SEO analysis and optimization workflow,T2-WORKFLOW,orchestrator,execute,ICP-RECIPE,organism://nova/crown/recipe-seo,250,1.8,per-execution,"recipe,workflow,recipe-seo",CALL-ROUTER,1.0.0,active
TOOL-132,API Documentation Recipe,RECIPE-APIDOC,RECIPES,COGNITION,Automated API documentation generation workflow,T2-WORKFLOW,orchestrator,execute,ICP-RECIPE,organism://nova/cognition/recipe-apidoc,265,1.9,per-execution,"recipe,workflow,recipe-apidoc",CALL-ROUTER,1.0.0,active
TOOL-133,SDK Generation Recipe,RECIPE-SDKGEN,RECIPES,MEMORY,End-to-end SDK generation and publishing workflow,T2-WORKFLOW,orchestrator,execute,ICP-RECIPE,organism://nova/memory/recipe-sdkgen,280,2.0,per-execution,"recipe,workflow,recipe-sdkgen",CALL-ROUTER,1.0.0,active
TOOL-134,Test Suite Recipe,RECIPE-TESTSUITE,RECIPES,PERCEPTION,Automated test suite creation and execution workflow,T2-WORKFLOW,orchestrator,execute,ICP-RECIPE,organism://nova/perception/recipe-testsuite,295,2.1,per-execution,"recipe,workflow,recipe-testsuite",CALL-ROUTER,1.0.0,active
TOOL-135,Code Review Recipe,RECIPE-CODEREVIEW,RECIPES,COMMUNICATION,Multi-step automated code review workflow,T2-WORKFLOW,orchestrator,execute,ICP-RECIPE,organism://nova/communication/recipe-codereview,310,2.2,per-execution,"recipe,workflow,recipe-codereview",CALL-ROUTER,1.0.0,active
TOOL-136,Dependency Update Recipe,RECIPE-DEPUPDATE,RECIPES,DEFENSE,Automated dependency update and compatibility testing,T2-WORKFLOW,orchestrator,execute,ICP-RECIPE,organism://nova/defense/recipe-depupdate,325,2.3,per-execution,"recipe,workflow,recipe-depupdate",CALL-ROUTER,1.0.0,active
TOOL-137,Environment Setup Recipe,RECIPE-ENVSETUP,RECIPES,CREATION,Automated development environment provisioning,T2-WORKFLOW,orchestrator,execute,ICP-RECIPE,organism://nova/creation/recipe-envsetup,340,2.4,per-execution,"recipe,workflow,recipe-envsetup",CALL-ROUTER,1.0.0,active
TOOL-138,Feature Flag Recipe,RECIPE-FEATUREFLAG,RECIPES,ECONOMICS,Feature flag creation and rollout management workflow,T2-WORKFLOW,orchestrator,execute,ICP-RECIPE,organism://nova/economics/recipe-featureflag,355,2.5,per-execution,"recipe,workflow,recipe-featureflag",CALL-ROUTER,1.0.0,active
TOOL-139,A/B Test Recipe,RECIPE-ABTEST,RECIPES,INFRASTRUCTURE,End-to-end A/B test setup and analysis workflow,T2-WORKFLOW,orchestrator,execute,ICP-RECIPE,organism://nova/infrastructure/recipe-abtest,370,2.6,per-execution,"recipe,workflow,recipe-abtest",CALL-ROUTER,1.0.0,active
TOOL-140,Rollback Recovery Recipe,RECIPE-ROLLBACK,RECIPES,CONSCIOUSNESS,Automated rollback and recovery verification workflow,T2-WORKFLOW,orchestrator,execute,ICP-RECIPE,organism://nova/consciousness/recipe-rollback,385,2.7,per-execution,"recipe,workflow,recipe-rollback",CALL-ROUTER,1.0.0,active
TOOL-141,Performance Lens,LENS-PERF,LENSES,CROWN,Views system through performance metrics perspective,T3-VIEW,dashboard,read-only,ICP-LENS,organism://nova/crown/lens-perf,30,0.1,free-tier,"lens,perspective,lens-perf",ANALYTICS-COLLECT,1.0.0,active
TOOL-142,Security Lens,LENS-SECURITY,LENSES,COGNITION,Views system through security posture perspective,T3-VIEW,dashboard,read-only,ICP-LENS,organism://nova/cognition/lens-security,35,0.13,free-tier,"lens,perspective,lens-security",ANALYTICS-COLLECT,1.0.0,active
TOOL-143,Cost Lens,LENS-COST,LENSES,MEMORY,Views system through cost optimization perspective,T3-VIEW,dashboard,read-only,ICP-LENS,organism://nova/memory/lens-cost,40,0.16,free-tier,"lens,perspective,lens-cost",ANALYTICS-COLLECT,1.0.0,active
TOOL-144,Compliance Lens,LENS-COMPLIANCE,LENSES,PERCEPTION,Views system through regulatory compliance perspective,T3-VIEW,dashboard,read-only,ICP-LENS,organism://nova/perception/lens-compliance,45,0.19,free-tier,"lens,perspective,lens-compliance",ANALYTICS-COLLECT,1.0.0,active
TOOL-145,User Experience Lens,LENS-UX,LENSES,COMMUNICATION,Views system through user experience quality perspective,T3-VIEW,dashboard,read-only,ICP-LENS,organism://nova/communication/lens-ux,50,0.22,free-tier,"lens,perspective,lens-ux",ANALYTICS-COLLECT,1.0.0,active
TOOL-146,Developer Experience Lens,LENS-DX,LENSES,DEFENSE,Views system through developer experience perspective,T3-VIEW,dashboard,read-only,ICP-LENS,organism://nova/defense/lens-dx,55,0.25,free-tier,"lens,perspective,lens-dx",ANALYTICS-COLLECT,1.0.0,active
TOOL-147,Reliability Lens,LENS-RELIABILITY,LENSES,CREATION,Views system through reliability and uptime perspective,T3-VIEW,dashboard,read-only,ICP-LENS,organism://nova/creation/lens-reliability,60,0.28,free-tier,"lens,perspective,lens-reliability",ANALYTICS-COLLECT,1.0.0,active
TOOL-148,Scalability Lens,LENS-SCALABILITY,LENSES,ECONOMICS,Views system through scalability readiness perspective,T3-VIEW,dashboard,read-only,ICP-LENS,organism://nova/economics/lens-scalability,65,0.31,free-tier,"lens,perspective,lens-scalability",ANALYTICS-COLLECT,1.0.0,active
TOOL-149,Maintainability Lens,LENS-MAINTAIN,LENSES,INFRASTRUCTURE,Views system through code maintainability perspective,T3-VIEW,dashboard,read-only,ICP-LENS,organism://nova/infrastructure/lens-maintain,70,0.34,free-tier,"lens,perspective,lens-maintain",ANALYTICS-COLLECT,1.0.0,active
TOOL-150,Observability Lens,LENS-OBSERVE,LENSES,CONSCIOUSNESS,Views system through observability coverage perspective,T3-VIEW,dashboard,read-only,ICP-LENS,organism://nova/consciousness/lens-observe,75,0.37,free-tier,"lens,perspective,lens-observe",ANALYTICS-COLLECT,1.0.0,active
TOOL-151,Data Quality Lens,LENS-DATAQUAL,LENSES,CROWN,Views system through data quality and integrity perspective,T3-VIEW,dashboard,read-only,ICP-LENS,organism://nova/crown/lens-dataqual,80,0.4,free-tier,"lens,perspective,lens-dataqual",ANALYTICS-COLLECT,1.0.0,active
TOOL-152,Privacy Lens,LENS-PRIVACY,LENSES,COGNITION,Views system through data privacy protection perspective,T3-VIEW,dashboard,read-only,ICP-LENS,organism://nova/cognition/lens-privacy,85,0.43,free-tier,"lens,perspective,lens-privacy",ANALYTICS-COLLECT,1.0.0,active
TOOL-153,Accessibility Lens,LENS-A11Y,LENSES,MEMORY,Views system through accessibility compliance perspective,T3-VIEW,dashboard,read-only,ICP-LENS,organism://nova/memory/lens-a11y,30,0.46,free-tier,"lens,perspective,lens-a11y",ANALYTICS-COLLECT,1.0.0,active
TOOL-154,Sustainability Lens,LENS-SUSTAIN,LENSES,PERCEPTION,Views system through environmental sustainability perspective,T3-VIEW,dashboard,read-only,ICP-LENS,organism://nova/perception/lens-sustain,35,0.49,free-tier,"lens,perspective,lens-sustain",ANALYTICS-COLLECT,1.0.0,active
TOOL-155,Innovation Lens,LENS-INNOVATE,LENSES,COMMUNICATION,Views system through innovation potential perspective,T3-VIEW,dashboard,read-only,ICP-LENS,organism://nova/communication/lens-innovate,40,0.52,free-tier,"lens,perspective,lens-innovate",ANALYTICS-COLLECT,1.0.0,active
TOOL-156,Risk Lens,LENS-RISK,LENSES,DEFENSE,Views system through risk assessment perspective,T3-VIEW,dashboard,read-only,ICP-LENS,organism://nova/defense/lens-risk,45,0.55,free-tier,"lens,perspective,lens-risk",ANALYTICS-COLLECT,1.0.0,active
TOOL-157,Governance Lens,LENS-GOVERN,LENSES,CREATION,Views system through governance framework perspective,T3-VIEW,dashboard,read-only,ICP-LENS,organism://nova/creation/lens-govern,50,0.58,free-tier,"lens,perspective,lens-govern",ANALYTICS-COLLECT,1.0.0,active
TOOL-158,Cultural Lens,LENS-CULTURAL,LENSES,ECONOMICS,Views system through team culture alignment perspective,T3-VIEW,dashboard,read-only,ICP-LENS,organism://nova/economics/lens-cultural,55,0.11,free-tier,"lens,perspective,lens-cultural",ANALYTICS-COLLECT,1.0.0,active
TOOL-159,Competitive Lens,LENS-COMPETE,LENSES,INFRASTRUCTURE,Views system through competitive advantage perspective,T3-VIEW,dashboard,read-only,ICP-LENS,organism://nova/infrastructure/lens-compete,60,0.14,free-tier,"lens,perspective,lens-compete",ANALYTICS-COLLECT,1.0.0,active
TOOL-160,Strategic Lens,LENS-STRATEGY,LENSES,CONSCIOUSNESS,Views system through strategic alignment perspective,T3-VIEW,dashboard,read-only,ICP-LENS,organism://nova/consciousness/lens-strategy,65,0.17,free-tier,"lens,perspective,lens-strategy",ANALYTICS-COLLECT,1.0.0,active
TOOL-161,Pre-Deploy Hook,HOOK-PRE-DEPLOY,HOOKS,CROWN,Executes validation checks before deployment begins,T2-EVENT,event-bus,execute,ICP-HOOK,organism://nova/crown/hook-pre-deploy,5,0.1,per-invocation,"hook,event-driven,hook-pre-deploy",EVENT-EMITTER,1.0.0,active
TOOL-162,Post-Deploy Hook,HOOK-POST-DEPLOY,HOOKS,COGNITION,Executes verification tasks after deployment completes,T2-EVENT,event-bus,execute,ICP-HOOK,organism://nova/cognition/hook-post-deploy,8,0.14,per-invocation,"hook,event-driven,hook-post-deploy",EVENT-EMITTER,1.0.0,active
TOOL-163,Pre-Commit Hook,HOOK-PRE-COMMIT,HOOKS,MEMORY,Runs code quality checks before commit is finalized,T2-EVENT,event-bus,execute,ICP-HOOK,organism://nova/memory/hook-pre-commit,11,0.18,per-invocation,"hook,event-driven,hook-pre-commit",EVENT-EMITTER,1.0.0,active
TOOL-164,Post-Commit Hook,HOOK-POST-COMMIT,HOOKS,PERCEPTION,Triggers downstream actions after commit is recorded,T2-EVENT,event-bus,execute,ICP-HOOK,organism://nova/perception/hook-post-commit,14,0.22,per-invocation,"hook,event-driven,hook-post-commit",EVENT-EMITTER,1.0.0,active
TOOL-165,Pre-Build Hook,HOOK-PRE-BUILD,HOOKS,COMMUNICATION,Prepares environment and validates inputs before build,T2-EVENT,event-bus,execute,ICP-HOOK,organism://nova/communication/hook-pre-build,17,0.26,per-invocation,"hook,event-driven,hook-pre-build",EVENT-EMITTER,1.0.0,active
TOOL-166,Post-Build Hook,HOOK-POST-BUILD,HOOKS,DEFENSE,Runs artifact verification after build completion,T2-EVENT,event-bus,execute,ICP-HOOK,organism://nova/defense/hook-post-build,20,0.3,per-invocation,"hook,event-driven,hook-post-build",EVENT-EMITTER,1.0.0,active
TOOL-167,Pre-Test Hook,HOOK-PRE-TEST,HOOKS,CREATION,Sets up test fixtures and environment before testing,T2-EVENT,event-bus,execute,ICP-HOOK,organism://nova/creation/hook-pre-test,23,0.34,per-invocation,"hook,event-driven,hook-pre-test",EVENT-EMITTER,1.0.0,active
TOOL-168,Post-Test Hook,HOOK-POST-TEST,HOOKS,ECONOMICS,Collects and reports test results after execution,T2-EVENT,event-bus,execute,ICP-HOOK,organism://nova/economics/hook-post-test,26,0.38,per-invocation,"hook,event-driven,hook-post-test",EVENT-EMITTER,1.0.0,active
TOOL-169,On-Error Hook,HOOK-ON-ERROR,HOOKS,INFRASTRUCTURE,Triggers error handling and notification on failures,T2-EVENT,event-bus,execute,ICP-HOOK,organism://nova/infrastructure/hook-on-error,29,0.42,per-invocation,"hook,event-driven,hook-on-error",EVENT-EMITTER,1.0.0,active
TOOL-170,On-Recovery Hook,HOOK-ON-RECOVERY,HOOKS,CONSCIOUSNESS,Executes recovery procedures after system restoration,T2-EVENT,event-bus,execute,ICP-HOOK,organism://nova/consciousness/hook-on-recovery,32,0.46,per-invocation,"hook,event-driven,hook-on-recovery",EVENT-EMITTER,1.0.0,active
TOOL-171,On-Scale Hook,HOOK-ON-SCALE,HOOKS,CROWN,Triggers resource adjustments during scaling events,T2-EVENT,event-bus,execute,ICP-HOOK,organism://nova/crown/hook-on-scale,5,0.5,per-invocation,"hook,event-driven,hook-on-scale",EVENT-EMITTER,1.0.0,active
TOOL-172,On-Alert Hook,HOOK-ON-ALERT,HOOKS,COGNITION,Executes response procedures when alerts fire,T2-EVENT,event-bus,execute,ICP-HOOK,organism://nova/cognition/hook-on-alert,8,0.54,per-invocation,"hook,event-driven,hook-on-alert",EVENT-EMITTER,1.0.0,active
TOOL-173,On-Threshold Hook,HOOK-ON-THRESHOLD,HOOKS,MEMORY,Triggers actions when metric thresholds are crossed,T2-EVENT,event-bus,execute,ICP-HOOK,organism://nova/memory/hook-on-threshold,11,0.58,per-invocation,"hook,event-driven,hook-on-threshold",EVENT-EMITTER,1.0.0,active
TOOL-174,On-Schedule Hook,HOOK-ON-SCHEDULE,HOOKS,PERCEPTION,Executes time-based scheduled automation tasks,T2-EVENT,event-bus,execute,ICP-HOOK,organism://nova/perception/hook-on-schedule,14,0.62,per-invocation,"hook,event-driven,hook-on-schedule",EVENT-EMITTER,1.0.0,active
TOOL-175,On-Webhook Hook,HOOK-ON-WEBHOOK,HOOKS,COMMUNICATION,Processes incoming webhook payloads from external systems,T2-EVENT,event-bus,execute,ICP-HOOK,organism://nova/communication/hook-on-webhook,17,0.66,per-invocation,"hook,event-driven,hook-on-webhook",EVENT-EMITTER,1.0.0,active
TOOL-176,On-User-Action Hook,HOOK-ON-USER,HOOKS,DEFENSE,Responds to specific user interaction events,T2-EVENT,event-bus,execute,ICP-HOOK,organism://nova/defense/hook-on-user,20,0.1,per-invocation,"hook,event-driven,hook-on-user",EVENT-EMITTER,1.0.0,active
TOOL-177,On-Data-Change Hook,HOOK-ON-DATA,HOOKS,CREATION,Triggers workflows when data mutations are detected,T2-EVENT,event-bus,execute,ICP-HOOK,organism://nova/creation/hook-on-data,23,0.14,per-invocation,"hook,event-driven,hook-on-data",EVENT-EMITTER,1.0.0,active
TOOL-178,On-Config-Update Hook,HOOK-ON-CONFIG,HOOKS,ECONOMICS,Applies changes when configuration is updated,T2-EVENT,event-bus,execute,ICP-HOOK,organism://nova/economics/hook-on-config,26,0.18,per-invocation,"hook,event-driven,hook-on-config",EVENT-EMITTER,1.0.0,active
TOOL-179,On-Version-Bump Hook,HOOK-ON-VERSION,HOOKS,INFRASTRUCTURE,Triggers release tasks when version is incremented,T2-EVENT,event-bus,execute,ICP-HOOK,organism://nova/infrastructure/hook-on-version,29,0.22,per-invocation,"hook,event-driven,hook-on-version",EVENT-EMITTER,1.0.0,active
TOOL-180,On-Incident Hook,HOOK-ON-INCIDENT,HOOKS,CONSCIOUSNESS,Initiates incident response procedures automatically,T2-EVENT,event-bus,execute,ICP-HOOK,organism://nova/consciousness/hook-on-incident,32,0.26,per-invocation,"hook,event-driven,hook-on-incident",EVENT-EMITTER,1.0.0,active
TOOL-181,Latency Threshold Trigger,TRIG-LATENCY,TRIGGERS,CROWN,Auto-executes when response latency exceeds threshold,T1-AUTOMATED,trigger-engine,auto-execute,ICP-TRIGGER,organism://nova/crown/trig-latency,3,0.05,per-evaluation,"trigger,condition,trig-latency",ANOMALY-DETECTOR,1.0.0,active
TOOL-182,Error Rate Trigger,TRIG-ERROR-RATE,TRIGGERS,COGNITION,Auto-executes when error rate crosses defined boundary,T1-AUTOMATED,trigger-engine,auto-execute,ICP-TRIGGER,organism://nova/cognition/trig-error-rate,5,0.08,per-evaluation,"trigger,condition,trig-error-rate",ANOMALY-DETECTOR,1.0.0,active
TOOL-183,CPU Usage Trigger,TRIG-CPU,TRIGGERS,MEMORY,Auto-executes when CPU utilization exceeds safe limits,T1-AUTOMATED,trigger-engine,auto-execute,ICP-TRIGGER,organism://nova/memory/trig-cpu,7,0.11,per-evaluation,"trigger,condition,trig-cpu",ANOMALY-DETECTOR,1.0.0,active
TOOL-184,Memory Pressure Trigger,TRIG-MEMORY,TRIGGERS,PERCEPTION,Auto-executes when memory pressure reaches critical level,T1-AUTOMATED,trigger-engine,auto-execute,ICP-TRIGGER,organism://nova/perception/trig-memory,9,0.14,per-evaluation,"trigger,condition,trig-memory",ANOMALY-DETECTOR,1.0.0,active
TOOL-185,Disk Space Trigger,TRIG-DISK,TRIGGERS,COMMUNICATION,Auto-executes when available disk space drops below minimum,T1-AUTOMATED,trigger-engine,auto-execute,ICP-TRIGGER,organism://nova/communication/trig-disk,11,0.17,per-evaluation,"trigger,condition,trig-disk",ANOMALY-DETECTOR,1.0.0,active
TOOL-186,Queue Depth Trigger,TRIG-QUEUE,TRIGGERS,DEFENSE,Auto-executes when message queue depth exceeds capacity,T1-AUTOMATED,trigger-engine,auto-execute,ICP-TRIGGER,organism://nova/defense/trig-queue,13,0.2,per-evaluation,"trigger,condition,trig-queue",ANOMALY-DETECTOR,1.0.0,active
TOOL-187,Connection Count Trigger,TRIG-CONN,TRIGGERS,CREATION,Auto-executes when connection count approaches limits,T1-AUTOMATED,trigger-engine,auto-execute,ICP-TRIGGER,organism://nova/creation/trig-conn,15,0.23,per-evaluation,"trigger,condition,trig-conn",ANOMALY-DETECTOR,1.0.0,active
TOOL-188,Request Rate Trigger,TRIG-REQ-RATE,TRIGGERS,ECONOMICS,Auto-executes when request rate exceeds capacity planning,T1-AUTOMATED,trigger-engine,auto-execute,ICP-TRIGGER,organism://nova/economics/trig-req-rate,17,0.26,per-evaluation,"trigger,condition,trig-req-rate",ANOMALY-DETECTOR,1.0.0,active
TOOL-189,Cost Limit Trigger,TRIG-COST,TRIGGERS,INFRASTRUCTURE,Auto-executes when spending approaches budget limits,T1-AUTOMATED,trigger-engine,auto-execute,ICP-TRIGGER,organism://nova/infrastructure/trig-cost,19,0.29,per-evaluation,"trigger,condition,trig-cost",ANOMALY-DETECTOR,1.0.0,active
TOOL-190,SLA Breach Trigger,TRIG-SLA,TRIGGERS,CONSCIOUSNESS,Auto-executes when service level agreement is at risk,T1-AUTOMATED,trigger-engine,auto-execute,ICP-TRIGGER,organism://nova/consciousness/trig-sla,21,0.32,per-evaluation,"trigger,condition,trig-sla",ANOMALY-DETECTOR,1.0.0,active
TOOL-191,Anomaly Score Trigger,TRIG-ANOMALY,TRIGGERS,CROWN,Auto-executes when anomaly score exceeds confidence threshold,T1-AUTOMATED,trigger-engine,auto-execute,ICP-TRIGGER,organism://nova/crown/trig-anomaly,3,0.35,per-evaluation,"trigger,condition,trig-anomaly",ANOMALY-DETECTOR,1.0.0,active
TOOL-192,Drift Detection Trigger,TRIG-DRIFT,TRIGGERS,COGNITION,Auto-executes when configuration drift is detected,T1-AUTOMATED,trigger-engine,auto-execute,ICP-TRIGGER,organism://nova/cognition/trig-drift,5,0.38,per-evaluation,"trigger,condition,trig-drift",ANOMALY-DETECTOR,1.0.0,active
TOOL-193,Staleness Trigger,TRIG-STALE,TRIGGERS,MEMORY,Auto-executes when data freshness falls below requirements,T1-AUTOMATED,trigger-engine,auto-execute,ICP-TRIGGER,organism://nova/memory/trig-stale,7,0.41,per-evaluation,"trigger,condition,trig-stale",ANOMALY-DETECTOR,1.0.0,active
TOOL-194,Expiry Trigger,TRIG-EXPIRY,TRIGGERS,PERCEPTION,Auto-executes when certificates or tokens approach expiration,T1-AUTOMATED,trigger-engine,auto-execute,ICP-TRIGGER,organism://nova/perception/trig-expiry,9,0.44,per-evaluation,"trigger,condition,trig-expiry",ANOMALY-DETECTOR,1.0.0,active
TOOL-195,Capacity Trigger,TRIG-CAPACITY,TRIGGERS,COMMUNICATION,Auto-executes when system capacity reaches planning threshold,T1-AUTOMATED,trigger-engine,auto-execute,ICP-TRIGGER,organism://nova/communication/trig-capacity,11,0.07,per-evaluation,"trigger,condition,trig-capacity",ANOMALY-DETECTOR,1.0.0,active
TOOL-196,Degradation Trigger,TRIG-DEGRADE,TRIGGERS,DEFENSE,Auto-executes when service degradation pattern emerges,T1-AUTOMATED,trigger-engine,auto-execute,ICP-TRIGGER,organism://nova/defense/trig-degrade,13,0.1,per-evaluation,"trigger,condition,trig-degrade",ANOMALY-DETECTOR,1.0.0,active
TOOL-197,Pattern Match Trigger,TRIG-PATTERN,TRIGGERS,CREATION,Auto-executes when predefined behavioral pattern is matched,T1-AUTOMATED,trigger-engine,auto-execute,ICP-TRIGGER,organism://nova/creation/trig-pattern,15,0.13,per-evaluation,"trigger,condition,trig-pattern",ANOMALY-DETECTOR,1.0.0,active
TOOL-198,Sentiment Shift Trigger,TRIG-SENTIMENT,TRIGGERS,ECONOMICS,Auto-executes when user sentiment shifts significantly,T1-AUTOMATED,trigger-engine,auto-execute,ICP-TRIGGER,organism://nova/economics/trig-sentiment,17,0.16,per-evaluation,"trigger,condition,trig-sentiment",ANOMALY-DETECTOR,1.0.0,active
TOOL-199,Compliance Violation Trigger,TRIG-COMPLY,TRIGGERS,INFRASTRUCTURE,Auto-executes when compliance violation is detected,T1-AUTOMATED,trigger-engine,auto-execute,ICP-TRIGGER,organism://nova/infrastructure/trig-comply,19,0.19,per-evaluation,"trigger,condition,trig-comply",ANOMALY-DETECTOR,1.0.0,active
TOOL-200,Security Event Trigger,TRIG-SECURITY,TRIGGERS,CONSCIOUSNESS,Auto-executes when security-relevant event is detected,T1-AUTOMATED,trigger-engine,auto-execute,ICP-TRIGGER,organism://nova/consciousness/trig-security,21,0.22,per-evaluation,"trigger,condition,trig-security",ANOMALY-DETECTOR,1.0.0,active
TOOL-201,OpenAI Adapter,ADAPT-OPENAI,ADAPTERS,CROWN,Connects to OpenAI API for model inference,T2-EXTERNAL,connector-hub,external-call,ICP-ADAPT,organism://nova/crown/adapt-openai,100,0.5,pass-through,"adapter,integration,adapt-openai",CALL-ROUTER,1.0.0,active
TOOL-202,Anthropic Adapter,ADAPT-ANTHROPIC,ADAPTERS,COGNITION,Connects to Anthropic API for Claude model access,T2-EXTERNAL,connector-hub,external-call,ICP-ADAPT,organism://nova/cognition/adapt-anthropic,120,0.6,pass-through,"adapter,integration,adapt-anthropic",CALL-ROUTER,1.0.0,active
TOOL-203,Google AI Adapter,ADAPT-GOOGLE-AI,ADAPTERS,MEMORY,Connects to Google AI platform for Gemini access,T2-EXTERNAL,connector-hub,external-call,ICP-ADAPT,organism://nova/memory/adapt-google-ai,140,0.7,pass-through,"adapter,integration,adapt-google-ai",CALL-ROUTER,1.0.0,active
TOOL-204,AWS Bedrock Adapter,ADAPT-BEDROCK,ADAPTERS,PERCEPTION,Connects to AWS Bedrock for managed model inference,T2-EXTERNAL,connector-hub,external-call,ICP-ADAPT,organism://nova/perception/adapt-bedrock,160,0.8,pass-through,"adapter,integration,adapt-bedrock",CALL-ROUTER,1.0.0,active
TOOL-205,Azure OpenAI Adapter,ADAPT-AZURE-OAI,ADAPTERS,COMMUNICATION,Connects to Azure OpenAI service for enterprise AI,T2-EXTERNAL,connector-hub,external-call,ICP-ADAPT,organism://nova/communication/adapt-azure-oai,180,0.9,pass-through,"adapter,integration,adapt-azure-oai",CALL-ROUTER,1.0.0,active
TOOL-206,Hugging Face Adapter,ADAPT-HUGGINGFACE,ADAPTERS,DEFENSE,Connects to Hugging Face inference endpoints,T2-EXTERNAL,connector-hub,external-call,ICP-ADAPT,organism://nova/defense/adapt-huggingface,200,1.0,pass-through,"adapter,integration,adapt-huggingface",CALL-ROUTER,1.0.0,active
TOOL-207,Cohere Adapter,ADAPT-COHERE,ADAPTERS,CREATION,Connects to Cohere API for NLP operations,T2-EXTERNAL,connector-hub,external-call,ICP-ADAPT,organism://nova/creation/adapt-cohere,220,1.1,pass-through,"adapter,integration,adapt-cohere",CALL-ROUTER,1.0.0,active
TOOL-208,Mistral Adapter,ADAPT-MISTRAL,ADAPTERS,ECONOMICS,Connects to Mistral AI for open-weight model access,T2-EXTERNAL,connector-hub,external-call,ICP-ADAPT,organism://nova/economics/adapt-mistral,240,1.2,pass-through,"adapter,integration,adapt-mistral",CALL-ROUTER,1.0.0,active
TOOL-209,Ollama Adapter,ADAPT-OLLAMA,ADAPTERS,INFRASTRUCTURE,Connects to local Ollama instance for self-hosted models,T2-EXTERNAL,connector-hub,external-call,ICP-ADAPT,organism://nova/infrastructure/adapt-ollama,260,1.3,pass-through,"adapter,integration,adapt-ollama",CALL-ROUTER,1.0.0,active
TOOL-210,LangChain Adapter,ADAPT-LANGCHAIN,ADAPTERS,CONSCIOUSNESS,Integrates LangChain orchestration framework,T2-EXTERNAL,connector-hub,external-call,ICP-ADAPT,organism://nova/consciousness/adapt-langchain,280,1.4,pass-through,"adapter,integration,adapt-langchain",CALL-ROUTER,1.0.0,active
TOOL-211,Slack Adapter,ADAPT-SLACK,ADAPTERS,CROWN,Connects to Slack workspace for messaging integration,T2-EXTERNAL,connector-hub,external-call,ICP-ADAPT,organism://nova/crown/adapt-slack,300,1.5,pass-through,"adapter,integration,adapt-slack",CALL-ROUTER,1.0.0,active
TOOL-212,Discord Adapter,ADAPT-DISCORD,ADAPTERS,COGNITION,Connects to Discord servers for bot integration,T2-EXTERNAL,connector-hub,external-call,ICP-ADAPT,organism://nova/cognition/adapt-discord,320,1.6,pass-through,"adapter,integration,adapt-discord",CALL-ROUTER,1.0.0,active
TOOL-213,GitHub Adapter,ADAPT-GITHUB,ADAPTERS,MEMORY,Connects to GitHub API for repository operations,T2-EXTERNAL,connector-hub,external-call,ICP-ADAPT,organism://nova/memory/adapt-github,340,1.7,pass-through,"adapter,integration,adapt-github",CALL-ROUTER,1.0.0,active
TOOL-214,Jira Adapter,ADAPT-JIRA,ADAPTERS,PERCEPTION,Connects to Jira for issue and project tracking,T2-EXTERNAL,connector-hub,external-call,ICP-ADAPT,organism://nova/perception/adapt-jira,360,1.8,pass-through,"adapter,integration,adapt-jira",CALL-ROUTER,1.0.0,active
TOOL-215,Confluence Adapter,ADAPT-CONFLUENCE,ADAPTERS,COMMUNICATION,Connects to Confluence for knowledge base access,T2-EXTERNAL,connector-hub,external-call,ICP-ADAPT,organism://nova/communication/adapt-confluence,380,1.9,pass-through,"adapter,integration,adapt-confluence",CALL-ROUTER,1.0.0,active
TOOL-216,Datadog Adapter,ADAPT-DATADOG,ADAPTERS,DEFENSE,Connects to Datadog for metrics and monitoring,T2-EXTERNAL,connector-hub,external-call,ICP-ADAPT,organism://nova/defense/adapt-datadog,400,2.0,pass-through,"adapter,integration,adapt-datadog",CALL-ROUTER,1.0.0,active
TOOL-217,PagerDuty Adapter,ADAPT-PAGERDUTY,ADAPTERS,CREATION,Connects to PagerDuty for incident management,T2-EXTERNAL,connector-hub,external-call,ICP-ADAPT,organism://nova/creation/adapt-pagerduty,420,2.1,pass-through,"adapter,integration,adapt-pagerduty",CALL-ROUTER,1.0.0,active
TOOL-218,Terraform Adapter,ADAPT-TERRAFORM,ADAPTERS,ECONOMICS,Connects to Terraform for infrastructure management,T2-EXTERNAL,connector-hub,external-call,ICP-ADAPT,organism://nova/economics/adapt-terraform,440,2.2,pass-through,"adapter,integration,adapt-terraform",CALL-ROUTER,1.0.0,active
TOOL-219,Kubernetes Adapter,ADAPT-K8S,ADAPTERS,INFRASTRUCTURE,Connects to Kubernetes clusters for container orchestration,T2-EXTERNAL,connector-hub,external-call,ICP-ADAPT,organism://nova/infrastructure/adapt-k8s,460,2.3,pass-through,"adapter,integration,adapt-k8s",CALL-ROUTER,1.0.0,active
TOOL-220,Docker Adapter,ADAPT-DOCKER,ADAPTERS,CONSCIOUSNESS,Connects to Docker engine for container management,T2-EXTERNAL,connector-hub,external-call,ICP-ADAPT,organism://nova/consciousness/adapt-docker,480,2.4,pass-through,"adapter,integration,adapt-docker",CALL-ROUTER,1.0.0,active
TOOL-221,Latency Sensor,SENSOR-LATENCY,SENSORS,CROWN,Continuously measures response latency across services,T1-MONITOR,sensor-mesh,read-only,ICP-SENSOR,organism://nova/crown/sensor-latency,2,0.02,included,"sensor,monitoring,sensor-latency",LOG-STREAMER,1.0.0,active
TOOL-222,Throughput Sensor,SENSOR-THROUGHPUT,SENSORS,COGNITION,Monitors request throughput and processing rates,T1-MONITOR,sensor-mesh,read-only,ICP-SENSOR,organism://nova/cognition/sensor-throughput,3,0.03,included,"sensor,monitoring,sensor-throughput",LOG-STREAMER,1.0.0,active
TOOL-223,Error Rate Sensor,SENSOR-ERROR,SENSORS,MEMORY,Tracks error rates and failure patterns in real time,T1-MONITOR,sensor-mesh,read-only,ICP-SENSOR,organism://nova/memory/sensor-error,4,0.04,included,"sensor,monitoring,sensor-error",LOG-STREAMER,1.0.0,active
TOOL-224,Availability Sensor,SENSOR-AVAIL,SENSORS,PERCEPTION,Monitors service availability and uptime percentages,T1-MONITOR,sensor-mesh,read-only,ICP-SENSOR,organism://nova/perception/sensor-avail,5,0.05,included,"sensor,monitoring,sensor-avail",LOG-STREAMER,1.0.0,active
TOOL-225,Saturation Sensor,SENSOR-SATURATE,SENSORS,COMMUNICATION,Measures resource saturation levels across components,T1-MONITOR,sensor-mesh,read-only,ICP-SENSOR,organism://nova/communication/sensor-saturate,6,0.06,included,"sensor,monitoring,sensor-saturate",LOG-STREAMER,1.0.0,active
TOOL-226,Utilization Sensor,SENSOR-UTILIZE,SENSORS,DEFENSE,Tracks resource utilization efficiency metrics,T1-MONITOR,sensor-mesh,read-only,ICP-SENSOR,organism://nova/defense/sensor-utilize,7,0.07,included,"sensor,monitoring,sensor-utilize",LOG-STREAMER,1.0.0,active
TOOL-227,Queue Depth Sensor,SENSOR-QUEUE,SENSORS,CREATION,Monitors message queue depths and processing lag,T1-MONITOR,sensor-mesh,read-only,ICP-SENSOR,organism://nova/creation/sensor-queue,8,0.08,included,"sensor,monitoring,sensor-queue",LOG-STREAMER,1.0.0,active
TOOL-228,Cache Hit Sensor,SENSOR-CACHE-HIT,SENSORS,ECONOMICS,Tracks cache hit ratios and eviction rates,T1-MONITOR,sensor-mesh,read-only,ICP-SENSOR,organism://nova/economics/sensor-cache-hit,9,0.09,included,"sensor,monitoring,sensor-cache-hit",LOG-STREAMER,1.0.0,active
TOOL-229,Connection Health Sensor,SENSOR-CONN-HP,SENSORS,INFRASTRUCTURE,Monitors connection pool health and availability,T1-MONITOR,sensor-mesh,read-only,ICP-SENSOR,organism://nova/infrastructure/sensor-conn-hp,10,0.1,included,"sensor,monitoring,sensor-conn-hp",LOG-STREAMER,1.0.0,active
TOOL-230,Memory Pressure Sensor,SENSOR-MEM-PRESS,SENSORS,CONSCIOUSNESS,Tracks memory allocation pressure and GC activity,T1-MONITOR,sensor-mesh,read-only,ICP-SENSOR,organism://nova/consciousness/sensor-mem-press,11,0.11,included,"sensor,monitoring,sensor-mem-press",LOG-STREAMER,1.0.0,active
TOOL-231,CPU Temperature Sensor,SENSOR-CPU-TEMP,SENSORS,CROWN,Monitors CPU thermal levels and throttling risk,T1-MONITOR,sensor-mesh,read-only,ICP-SENSOR,organism://nova/crown/sensor-cpu-temp,2,0.12,included,"sensor,monitoring,sensor-cpu-temp",LOG-STREAMER,1.0.0,active
TOOL-232,Network Bandwidth Sensor,SENSOR-NET-BW,SENSORS,COGNITION,Measures network bandwidth utilization and capacity,T1-MONITOR,sensor-mesh,read-only,ICP-SENSOR,organism://nova/cognition/sensor-net-bw,3,0.13,included,"sensor,monitoring,sensor-net-bw",LOG-STREAMER,1.0.0,active
TOOL-233,Disk I/O Sensor,SENSOR-DISK-IO,SENSORS,MEMORY,Monitors disk read/write operations and throughput,T1-MONITOR,sensor-mesh,read-only,ICP-SENSOR,organism://nova/memory/sensor-disk-io,4,0.14,included,"sensor,monitoring,sensor-disk-io",LOG-STREAMER,1.0.0,active
TOOL-234,API Response Sensor,SENSOR-API-RESP,SENSORS,PERCEPTION,Tracks API response quality and completeness,T1-MONITOR,sensor-mesh,read-only,ICP-SENSOR,organism://nova/perception/sensor-api-resp,5,0.15,included,"sensor,monitoring,sensor-api-resp",LOG-STREAMER,1.0.0,active
TOOL-235,User Experience Sensor,SENSOR-UX,SENSORS,COMMUNICATION,Measures user experience quality indicators,T1-MONITOR,sensor-mesh,read-only,ICP-SENSOR,organism://nova/communication/sensor-ux,6,0.16,included,"sensor,monitoring,sensor-ux",LOG-STREAMER,1.0.0,active
TOOL-236,Model Accuracy Sensor,SENSOR-MODEL-ACC,SENSORS,DEFENSE,Monitors AI model prediction accuracy over time,T1-MONITOR,sensor-mesh,read-only,ICP-SENSOR,organism://nova/defense/sensor-model-acc,7,0.02,included,"sensor,monitoring,sensor-model-acc",LOG-STREAMER,1.0.0,active
TOOL-237,Data Freshness Sensor,SENSOR-DATA-FRESH,SENSORS,CREATION,Tracks data staleness and refresh rates,T1-MONITOR,sensor-mesh,read-only,ICP-SENSOR,organism://nova/creation/sensor-data-fresh,8,0.03,included,"sensor,monitoring,sensor-data-fresh",LOG-STREAMER,1.0.0,active
TOOL-238,Config Drift Sensor,SENSOR-CFG-DRIFT,SENSORS,ECONOMICS,Detects configuration drift from desired state,T1-MONITOR,sensor-mesh,read-only,ICP-SENSOR,organism://nova/economics/sensor-cfg-drift,9,0.04,included,"sensor,monitoring,sensor-cfg-drift",LOG-STREAMER,1.0.0,active
TOOL-239,Dependency Health Sensor,SENSOR-DEP-HP,SENSORS,INFRASTRUCTURE,Monitors health of upstream and downstream dependencies,T1-MONITOR,sensor-mesh,read-only,ICP-SENSOR,organism://nova/infrastructure/sensor-dep-hp,10,0.05,included,"sensor,monitoring,sensor-dep-hp",LOG-STREAMER,1.0.0,active
TOOL-240,Cost Burn Sensor,SENSOR-COST-BURN,SENSORS,CONSCIOUSNESS,Tracks real-time cost burn rate against budget,T1-MONITOR,sensor-mesh,read-only,ICP-SENSOR,organism://nova/consciousness/sensor-cost-burn,11,0.06,included,"sensor,monitoring,sensor-cost-burn",LOG-STREAMER,1.0.0,active
TOOL-241,Input Validation Shield,SHIELD-INPUT-VALID,SHIELDS,CROWN,Validates and sanitizes all incoming data inputs,T0-SECURITY,shield-wall,enforce,ICP-SHIELD,organism://nova/crown/shield-input-valid,1,0.01,included,"shield,protection,shield-input-valid",SENTINEL-WATCH,1.0.0,active
TOOL-242,Output Sanitization Shield,SHIELD-OUTPUT-SAN,SHIELDS,COGNITION,Sanitizes outgoing data to prevent information leaks,T0-SECURITY,shield-wall,enforce,ICP-SHIELD,organism://nova/cognition/shield-output-san,2,0.015,included,"shield,protection,shield-output-san",SENTINEL-WATCH,1.0.0,active
TOOL-243,Rate Limit Shield,SHIELD-RATE-LIMIT,SHIELDS,MEMORY,Enforces rate limiting to prevent resource exhaustion,T0-SECURITY,shield-wall,enforce,ICP-SHIELD,organism://nova/memory/shield-rate-limit,3,0.02,included,"shield,protection,shield-rate-limit",SENTINEL-WATCH,1.0.0,active
TOOL-244,DDoS Protection Shield,SHIELD-DDOS,SHIELDS,PERCEPTION,Protects against distributed denial-of-service attacks,T0-SECURITY,shield-wall,enforce,ICP-SHIELD,organism://nova/perception/shield-ddos,4,0.025,included,"shield,protection,shield-ddos",SENTINEL-WATCH,1.0.0,active
TOOL-245,SQL Injection Shield,SHIELD-SQLI,SHIELDS,COMMUNICATION,Prevents SQL injection attacks on data queries,T0-SECURITY,shield-wall,enforce,ICP-SHIELD,organism://nova/communication/shield-sqli,5,0.03,included,"shield,protection,shield-sqli",SENTINEL-WATCH,1.0.0,active
TOOL-246,XSS Prevention Shield,SHIELD-XSS,SHIELDS,DEFENSE,Prevents cross-site scripting attacks in outputs,T0-SECURITY,shield-wall,enforce,ICP-SHIELD,organism://nova/defense/shield-xss,6,0.035,included,"shield,protection,shield-xss",SENTINEL-WATCH,1.0.0,active
TOOL-247,CSRF Protection Shield,SHIELD-CSRF,SHIELDS,CREATION,Protects against cross-site request forgery attacks,T0-SECURITY,shield-wall,enforce,ICP-SHIELD,organism://nova/creation/shield-csrf,7,0.04,included,"shield,protection,shield-csrf",SENTINEL-WATCH,1.0.0,active
TOOL-248,Authentication Shield,SHIELD-AUTHN,SHIELDS,ECONOMICS,Enforces strong authentication for all access points,T0-SECURITY,shield-wall,enforce,ICP-SHIELD,organism://nova/economics/shield-authn,8,0.045,included,"shield,protection,shield-authn",SENTINEL-WATCH,1.0.0,active
TOOL-249,Authorization Shield,SHIELD-AUTHZ,SHIELDS,INFRASTRUCTURE,Enforces fine-grained authorization policies,T0-SECURITY,shield-wall,enforce,ICP-SHIELD,organism://nova/infrastructure/shield-authz,1,0.05,included,"shield,protection,shield-authz",SENTINEL-WATCH,1.0.0,active
TOOL-250,Encryption Shield,SHIELD-ENCRYPT,SHIELDS,CONSCIOUSNESS,Ensures data encryption at rest and in transit,T0-SECURITY,shield-wall,enforce,ICP-SHIELD,organism://nova/consciousness/shield-encrypt,2,0.055,included,"shield,protection,shield-encrypt",SENTINEL-WATCH,1.0.0,active
TOOL-251,Data Masking Shield,SHIELD-DATA-MASK,SHIELDS,CROWN,Masks sensitive data fields in logs and displays,T0-SECURITY,shield-wall,enforce,ICP-SHIELD,organism://nova/crown/shield-data-mask,3,0.06,included,"shield,protection,shield-data-mask",SENTINEL-WATCH,1.0.0,active
TOOL-252,PII Protection Shield,SHIELD-PII,SHIELDS,COGNITION,Detects and protects personally identifiable information,T0-SECURITY,shield-wall,enforce,ICP-SHIELD,organism://nova/cognition/shield-pii,4,0.065,included,"shield,protection,shield-pii",SENTINEL-WATCH,1.0.0,active
TOOL-253,Prompt Injection Shield,SHIELD-PROMPT-INJ,SHIELDS,MEMORY,Prevents prompt injection attacks on AI systems,T0-SECURITY,shield-wall,enforce,ICP-SHIELD,organism://nova/memory/shield-prompt-inj,5,0.07,included,"shield,protection,shield-prompt-inj",SENTINEL-WATCH,1.0.0,active
TOOL-254,Hallucination Guard Shield,SHIELD-HALLUC,SHIELDS,PERCEPTION,Guards against AI hallucination in critical outputs,T0-SECURITY,shield-wall,enforce,ICP-SHIELD,organism://nova/perception/shield-halluc,6,0.075,included,"shield,protection,shield-halluc",SENTINEL-WATCH,1.0.0,active
TOOL-255,Toxicity Filter Shield,SHIELD-TOXIC,SHIELDS,COMMUNICATION,Filters toxic content from AI-generated responses,T0-SECURITY,shield-wall,enforce,ICP-SHIELD,organism://nova/communication/shield-toxic,7,0.08,included,"shield,protection,shield-toxic",SENTINEL-WATCH,1.0.0,active
TOOL-256,Bias Mitigation Shield,SHIELD-BIAS,SHIELDS,DEFENSE,Mitigates bias in AI decision-making processes,T0-SECURITY,shield-wall,enforce,ICP-SHIELD,organism://nova/defense/shield-bias,8,0.085,included,"shield,protection,shield-bias",SENTINEL-WATCH,1.0.0,active
TOOL-257,Copyright Protection Shield,SHIELD-COPYRIGHT,SHIELDS,CREATION,Prevents generation of copyrighted content,T0-SECURITY,shield-wall,enforce,ICP-SHIELD,organism://nova/creation/shield-copyright,1,0.01,included,"shield,protection,shield-copyright",SENTINEL-WATCH,1.0.0,active
TOOL-258,Data Exfiltration Shield,SHIELD-EXFIL,SHIELDS,ECONOMICS,Prevents unauthorized data exfiltration attempts,T0-SECURITY,shield-wall,enforce,ICP-SHIELD,organism://nova/economics/shield-exfil,2,0.015,included,"shield,protection,shield-exfil",SENTINEL-WATCH,1.0.0,active
TOOL-259,Model Extraction Shield,SHIELD-MODEL-EXT,SHIELDS,INFRASTRUCTURE,Protects against model extraction and theft attacks,T0-SECURITY,shield-wall,enforce,ICP-SHIELD,organism://nova/infrastructure/shield-model-ext,3,0.02,included,"shield,protection,shield-model-ext",SENTINEL-WATCH,1.0.0,active
TOOL-260,Adversarial Input Shield,SHIELD-ADVERSARIAL,SHIELDS,CONSCIOUSNESS,Detects and blocks adversarial input manipulation,T0-SECURITY,shield-wall,enforce,ICP-SHIELD,organism://nova/consciousness/shield-adversarial,4,0.025,included,"shield,protection,shield-adversarial",SENTINEL-WATCH,1.0.0,active
